date,type,description,detailed_impact_on_c014,global_context,mitigation,event_related_id
2020-04-01,Healthcare Digitization,Point-of-care testing demand increase,FlowDx demonstration generates strong provider interest,COVID-19 accelerates decentralized testing,Rapid product development,EV014001
2021-09-01,Regulatory Environment,FDA expedited medical device approvals,510k clearance enables commercial market entry,Regulatory focus on diagnostic innovation,Accelerated approval pathway,EV014002
2022-12-01,Healthcare Consolidation,Large diagnostic companies seeking innovation,Quest Diagnostics contract validates technology,Industry partnerships for innovation access,Strategic customer relationships,EV014003
2023-08-01,Global Health Initiative,WHO focus on diagnostic access,Partnership expands emerging market opportunities,Global health equity priorities,International partnership strategy,EV014004
2024-03-01,Quality Assurance,Manufacturing quality scrutiny increases,Quality control issue highlights compliance importance,Regulatory oversight of medical devices,Enhanced quality protocols,EV014005
2024-09-01,Quality Recovery,Post-incident reputation management,Enhanced protocols restore operational confidence,Corporate crisis management best practices,Comprehensive quality improvement,EV014006
2025-02-01,Healthcare Integration,Cross-sector healthcare partnerships,JV formation creates integrated diagnostic solutions,Healthcare ecosystem collaboration trends,Strategic alliance development,EV014007
2025-08-01,Market Expansion,International diagnostic market growth,Strong earnings reflect global expansion success,Emerging market healthcare investment,Geographic diversification strategy,EV014008
2020-11-01,Intellectual Property,Medical device patent protection,Microfluidics patent strengthens competitive position,IP protection critical in medtech,Patent portfolio development,EV014009
2021-04-01,International Markets,European medical device market access,Zurich operations enable EU market penetration,European healthcare regulation compliance,International expansion strategy,EV014010
2021-11-01,Quality Standards,Medical device certification requirements,ISO 13485 certification essential for credibility,Quality management system importance,Certification compliance strategy,EV014011
2022-05-01,Investment Climate,MedTech venture capital availability,Series A funding reflects investor confidence,Medical technology investment growth,Growth capital strategy,EV014012
2022-09-01,Software Integration,AI analytics in diagnostics,DiagStream software adds value to hardware platform,Digital health transformation,Product development expansion,EV014013
2023-02-01,Clinical Validation,Healthcare provider adoption,Successful clinical integration proves value proposition,Evidence-based healthcare purchasing,Clinical outcomes demonstration,EV014014
2023-05-01,Technology Partnerships,Advanced materials collaboration,Corning partnership enhances product capabilities,Supply chain innovation,Technology partnership strategy,EV014015
2023-11-01,Industry Recognition,MedTech innovation awards,Award recognition validates technology leadership,Industry peer validation,Brand positioning strategy,EV014016
2024-01-01,Asian Markets,Asia-Pacific healthcare growth,Singapore operations target regional expansion,Asian healthcare market development,Regional expansion strategy,EV014017
2024-06-01,Product Evolution,Next-generation platform development,FlowDx 2.0 maintains competitive positioning,Continuous innovation requirements,Product development strategy,EV014018
2024-11-01,Manufacturing Excellence,Precision manufacturing partnerships,IDEX partnership improves product reliability,Manufacturing quality requirements,Supply chain optimization,EV014019
2025-01-01,Academic Collaboration,University research partnerships,Stanford collaboration advances technology,Academic-industry partnerships,Research collaboration strategy,EV014020
2025-04-01,Healthcare Access,Rural and underserved populations,Rural deployment demonstrates social impact,Healthcare equity initiatives,Social impact strategy,EV014021
2025-06-01,Technology Breakthrough,Advanced diagnostic capabilities,Multi-parameter testing breakthrough,Diagnostic technology advancement,R&D investment strategy,EV014022
2025-07-01,European Regulation,EU MDR compliance requirements,European approval enables market expansion,European medical device regulations,Regulatory compliance strategy,EV014023
2025-08-01,Data Analytics,Diagnostic data insights,Enhanced analytics partnership improves capabilities,Healthcare data utilization trends,Technology integration strategy,EV014024
2025-08-10,Market Leadership,Point-of-care diagnostic leadership,Industry recognition validates market position,Diagnostic market consolidation,Market positioning strategy,EV014025
